INSERT INTO trainer (trainer_name,trainer_height,trainer_weight) VALUES('Kiss Imre',170,85);
INSERT INTO trainer (trainer_name,trainer_height,trainer_weight) VALUES('Kozma Bea',160,50);
INSERT INTO trainer (trainer_name,trainer_height,trainer_weight) VALUES('Tóth Péter',180,90); 
INSERT INTO trainer (trainer_name,trainer_height,trainer_weight) VALUES('Nagy János',175,77); 
INSERT INTO trainer (trainer_name,trainer_height,trainer_weight) VALUES('Csáti Attila',170,75); 
INSERT INTO trainer (trainer_name,trainer_height,trainer_weight) VALUES('Varga Judit',165,55); 
INSERT INTO trainer (trainer_name,trainer_height,trainer_weight) VALUES('Tolnay Róbert',168,70); 
INSERT INTO trainer (trainer_name,trainer_height,trainer_weight) VALUES('Bencze Erzsébet',163,48); 
INSERT INTO trainer (trainer_name,trainer_height,trainer_weight) VALUES('Jónás Mátyás',188,96); 
INSERT INTO trainer (trainer_name,trainer_height,trainer_weight) VALUES('Barna Ibolya',157,45); 
INSERT INTO trainer (trainer_name,trainer_height,trainer_weight) VALUES('Forgách Beatrix',165,55); 
INSERT INTO trainer (trainer_name,trainer_height,trainer_weight) VALUES('Lörinc Tímea',170,60);
INSERT INTO trainer (trainer_name,trainer_height,trainer_weight) VALUES('Váradi Ferenc',180,80); 
INSERT INTO trainer (trainer_name,trainer_height,trainer_weight) VALUES('Mester Dóra',163,68);
INSERT INTO trainer (trainer_name,trainer_height,trainer_weight) VALUES('Berta Emese',153,42);
INSERT INTO trainer (trainer_name,trainer_height,trainer_weight) VALUES('Lantos Gergely',170,78);
INSERT INTO trainer (trainer_name,trainer_height,trainer_weight) VALUES('Csikós Dalma',168,63);


INSERT INTO workout (workout_name,workout_hardness,workout_number_of_people,workout_requirement,trainer_id) VALUES('G beavatás','kezdő',5,NULL,1);
INSERT INTO workout (workout_name,workout_hardness,workout_number_of_people,workout_requirement,trainer_id) VALUES('Athletic body','haladó',8,'kezdő',1);
INSERT INTO workout (workout_name,workout_hardness,workout_number_of_people,workout_requirement,trainer_id) VALUES('Crossfit','kezdő',7,NULL,3);
INSERT INTO workout (workout_name,workout_hardness,workout_number_of_people,workout_requirement,trainer_id) VALUES('Krav maga','haladó',15,'kezdő',5);
INSERT INTO workout (workout_name,workout_hardness,workout_number_of_people,workout_requirement,trainer_id) VALUES('Thai box','kezdő',12,NULL,4);
INSERT INTO workout (workout_name,workout_hardness,workout_number_of_people,workout_requirement,trainer_id) VALUES('Kettlebell','haladó',10,'kezdő',5);
INSERT INTO workout (workout_name,workout_hardness,workout_number_of_people,workout_requirement,trainer_id) VALUES('Kettlebell','kezdő',8,NULL,2);
INSERT INTO workout (workout_name,workout_hardness,workout_number_of_people,workout_requirement,trainer_id) VALUES('Power training','kezdő',12,NULL,6);
INSERT INTO workout (workout_name,workout_hardness,workout_number_of_people,workout_requirement,trainer_id) VALUES('UST','haladó',5,'kezdő',1);
INSERT INTO workout (workout_name,workout_hardness,workout_number_of_people,workout_requirement,trainer_id) VALUES('WOD','haladó',12,NULL,3);
INSERT INTO workout (workout_name,workout_hardness,workout_number_of_people,workout_requirement,trainer_id) VALUES('TRX','kezdő',14,NULL,7);
INSERT INTO workout (workout_name,workout_hardness,workout_number_of_people,workout_requirement,trainer_id) VALUES('TRX','haladó',14,'kezdő',7);
INSERT INTO workout (workout_name,workout_hardness,workout_number_of_people,workout_requirement,trainer_id) VALUES('RIP60','haladó',8,'kezdő',8);
INSERT INTO workout (workout_name,workout_hardness,workout_number_of_people,workout_requirement,trainer_id) VALUES('Fegyencedzés','kezdő',22,NULL,10);
INSERT INTO workout (workout_name,workout_hardness,workout_number_of_people,workout_requirement,trainer_id) VALUES('Fegyencedzés','haladó',14,'kezdő',9);
INSERT INTO workout (workout_name,workout_hardness,workout_number_of_people,workout_requirement,trainer_id) VALUES('Streching','kezdő',25,NULL,11);
INSERT INTO workout (workout_name,workout_hardness,workout_number_of_people,workout_requirement,trainer_id) VALUES('Jóga','kezdő',8,NULL,11);
INSERT INTO workout (workout_name,workout_hardness,workout_number_of_people,workout_requirement,trainer_id) VALUES('Jóga','haladó',12,'kezdő',11);
INSERT INTO workout (workout_name,workout_hardness,workout_number_of_people,workout_requirement,trainer_id) VALUES('Street workout','haladó',10,NULL,13);
INSERT INTO workout (workout_name,workout_hardness,workout_number_of_people,workout_requirement,trainer_id) VALUES('Spinning','kezdő',10,NULL,12);
INSERT INTO workout (workout_name,workout_hardness,workout_number_of_people,workout_requirement,trainer_id) VALUES('Hip-hop','kezdő',16,NULL,12);
INSERT INTO workout (workout_name,workout_hardness,workout_number_of_people,workout_requirement,trainer_id) VALUES('Karate','kezdő',16,NULL,16);
INSERT INTO workout (workout_name,workout_hardness,workout_number_of_people,workout_requirement,trainer_id) VALUES('Erősitő aerobic','kezdő',16,NULL,14);
INSERT INTO workout (workout_name,workout_hardness,workout_number_of_people,workout_requirement,trainer_id) VALUES('Step aerobic','kezdő',16,NULL,15);
INSERT INTO workout (workout_name,workout_hardness,workout_number_of_people,workout_requirement,trainer_id) VALUES('Indoor Cycling','kezdő',12,NULL,17);



INSERT INTO workout_type (workout_id,workout_type_name) VALUES(1,'erőemelés');
INSERT INTO workout_type (workout_id,workout_type_name) VALUES(2,'erőemelés');
INSERT INTO workout_type (workout_id,workout_type_name) VALUES(3,'crossfit');
INSERT INTO workout_type (workout_id,workout_type_name) VALUES(4,'küzdősport/önvédelem');
INSERT INTO workout_type (workout_id,workout_type_name) VALUES(5,'box');
INSERT INTO workout_type (workout_id,workout_type_name) VALUES(6,'állóképesség');
INSERT INTO workout_type (workout_id,workout_type_name) VALUES(7,'súlyemelés');
INSERT INTO workout_type (workout_id,workout_type_name) VALUES(8,'erőemelés');
INSERT INTO workout_type (workout_id,workout_type_name) VALUES(9,'crossfit');
INSERT INTO workout_type (workout_id,workout_type_name) VALUES(10,'saját testsúlyos');
INSERT INTO workout_type (workout_id,workout_type_name) VALUES(11,'saját testsúlyos');
INSERT INTO workout_type (workout_id,workout_type_name) VALUES(12,'saját testsúlyos');
INSERT INTO workout_type (workout_id,workout_type_name) VALUES(13,'nyújtás');
INSERT INTO workout_type (workout_id,workout_type_name) VALUES(14,'jóga');
INSERT INTO workout_type (workout_id,workout_type_name) VALUES(15,'saját testsúlyos');
INSERT INTO workout_type (workout_id,workout_type_name) VALUES(16,'állóképesség');
INSERT INTO workout_type (workout_id,workout_type_name) VALUES(17,'tánc');
INSERT INTO workout_type (workout_id,workout_type_name) VALUES(18,'küzdősport/önvédelem');
INSERT INTO workout_type (workout_id,workout_type_name) VALUES(19,'alakformáló');
INSERT INTO workout_type (workout_id,workout_type_name) VALUES(20,'alakformáló');
INSERT INTO workout_type (workout_id,workout_type_name) VALUES(21,'állóképesség');


INSERT INTO trainer_contact (trainer_id,trainer_contact_type,trainer_contact_value) VALUES(2,'telefon','+36304223670');
INSERT INTO trainer_contact (trainer_id,trainer_contact_type,trainer_contact_value) VALUES(2,'email','beata@gmail.com');
INSERT INTO trainer_contact (trainer_id,trainer_contact_type,trainer_contact_value) VALUES(3,'telefon','+36702314226');
INSERT INTO trainer_contact (trainer_id,trainer_contact_type,trainer_contact_value) VALUES(3,'skype','toth.peter');
INSERT INTO trainer_contact (trainer_id,trainer_contact_type,trainer_contact_value) VALUES(4,'telefon','+36301153641');
INSERT INTO trainer_contact (trainer_id,trainer_contact_type,trainer_contact_value) VALUES(1,'email','imre@gmail.com');
INSERT INTO trainer_contact (trainer_id,trainer_contact_type,trainer_contact_value) VALUES(1,'skype','kiss.imre');
INSERT INTO trainer_contact (trainer_id,trainer_contact_type,trainer_contact_value) VALUES(1,'telefon','+36205714012');
INSERT INTO trainer_contact (trainer_id,trainer_contact_type,trainer_contact_value) VALUES(5,'telefon','+36303254572');
INSERT INTO trainer_contact (trainer_id,trainer_contact_type,trainer_contact_value) VALUES(5,'email',' attila@gmail.com');
INSERT INTO trainer_contact (trainer_id,trainer_contact_type,trainer_contact_value) VALUES(6,'telefon','+36201116281');
INSERT INTO trainer_contact (trainer_id,trainer_contact_type,trainer_contact_value) VALUES(7,'telefon','+36207856932');
INSERT INTO trainer_contact (trainer_id,trainer_contact_type,trainer_contact_value) VALUES(8,'telefon','+36204856954');
INSERT INTO trainer_contact (trainer_id,trainer_contact_type,trainer_contact_value) VALUES(8,'skype','b.erzsebet');
INSERT INTO trainer_contact (trainer_id,trainer_contact_type,trainer_contact_value) VALUES(9,'telefon','+367826942');
INSERT INTO trainer_contact (trainer_id,trainer_contact_type,trainer_contact_value) VALUES(10,'telefon','+36704875632');
INSERT INTO trainer_contact (trainer_id,trainer_contact_type,trainer_contact_value) VALUES(11,'telefon','+36304936582');
INSERT INTO trainer_contact (trainer_id,trainer_contact_type,trainer_contact_value) VALUES(11,'email','beatri@gmail.com');
INSERT INTO trainer_contact (trainer_id,trainer_contact_type,trainer_contact_value) VALUES(12,'telefon','+36704129687');
INSERT INTO trainer_contact (trainer_id,trainer_contact_type,trainer_contact_value) VALUES(13,'telefon','+36205478236');
INSERT INTO trainer_contact (trainer_id,trainer_contact_type,trainer_contact_value) VALUES(13,'email','ferencv@gmail.com');
INSERT INTO trainer_contact (trainer_id,trainer_contact_type,trainer_contact_value) VALUES(14,'telefon','+36701254796');
INSERT INTO trainer_contact (trainer_id,trainer_contact_type,trainer_contact_value) VALUES(15,'telefon','+36704863588');
INSERT INTO trainer_contact (trainer_id,trainer_contact_type,trainer_contact_value) VALUES(16,'telefon','+36304856932');
INSERT INTO trainer_contact (trainer_id,trainer_contact_type,trainer_contact_value) VALUES(16,'skype','l.gergo');
INSERT INTO trainer_contact (trainer_id,trainer_contact_type,trainer_contact_value) VALUES(16,'email','lgergo@gmail.com');
INSERT INTO trainer_contact (trainer_id,trainer_contact_type,trainer_contact_value) VALUES(17,'telefon','+36304846932');


INSERT INTO trainer_qualification(trainer_id, trainer_qualification_name , trainer_qualification_level, trainer_qualification_year) VALUES(4,'Thai Box Euro pass', 'T1', 2005 );
INSERT INTO trainer_qualification(trainer_id, trainer_qualification_name , trainer_qualification_level, trainer_qualification_year) VALUES(4,'Thai Box Euro pass', 'T2', 2008 );
INSERT INTO trainer_qualification(trainer_id, trainer_qualification_name , trainer_qualification_level, trainer_qualification_year) VALUES(4,'Thai Box Euro pass', 'T3', 2011 );
INSERT INTO trainer_qualification(trainer_id, trainer_qualification_name , trainer_qualification_level, trainer_qualification_year) VALUES(1,'Power Training képzés', '1', 2009 );
INSERT INTO trainer_qualification(trainer_id, trainer_qualification_name , trainer_qualification_level, trainer_qualification_year) VALUES(1,'Power Training képzés', '2', 2011 );
INSERT INTO trainer_qualification(trainer_id, trainer_qualification_name , trainer_qualification_level, trainer_qualification_year) VALUES(1,'Power Training képzés', '3', 2013 );
INSERT INTO trainer_qualification(trainer_id, trainer_qualification_name , trainer_qualification_level, trainer_qualification_year) VALUES(3,'Crossfit Hungary', 'alap', 2013 );
INSERT INTO trainer_qualification(trainer_id, trainer_qualification_name , trainer_qualification_level, trainer_qualification_year) VALUES(5,'KMG', 'G1', 2011 );
INSERT INTO trainer_qualification(trainer_id, trainer_qualification_name , trainer_qualification_level, trainer_qualification_year) VALUES(5,'KMG', 'G2', 2012 );
INSERT INTO trainer_qualification(trainer_id, trainer_qualification_name , trainer_qualification_level, trainer_qualification_year) VALUES(5,'Kettlebell instruktori', 'D1', 2012 );

INSERT INTO timetable (timetable_room,timetable_day,timetable_time,workout_id) VALUES('nagy terem','hétfő','15:30',6);
INSERT INTO timetable (timetable_room,timetable_day,timetable_time,workout_id) VALUES('kis terem','hétfő','17:30',7);
INSERT INTO timetable (timetable_room,timetable_day,timetable_time,workout_id) VALUES('udvar','kedd','16:00',8);
INSERT INTO timetable (timetable_room,timetable_day,timetable_time,workout_id) VALUES('kis terem','kedd','12:15',1);
INSERT INTO timetable (timetable_room,timetable_day,timetable_time,workout_id) VALUES('fitness terem','szerda','17:30',5);
INSERT INTO timetable (timetable_room,timetable_day,timetable_time,workout_id) VALUES('fitness terem','szerda','19:30',5);
INSERT INTO timetable (timetable_room,timetable_day,timetable_time,workout_id) VALUES('kiss terem','szerda','13:30',9);
INSERT INTO timetable (timetable_room,timetable_day,timetable_time,workout_id) VALUES('nagy terem','szerda','15:30',4);
INSERT INTO timetable (timetable_room,timetable_day,timetable_time,workout_id) VALUES('kis terem','csütörtök','15:00',2);
INSERT INTO timetable (timetable_room,timetable_day,timetable_time,workout_id) VALUES('nagy terem','csütörtök','19:00',10);
INSERT INTO timetable (timetable_room,timetable_day,timetable_time,workout_id) VALUES('fitness terem','hétfő','19:00',1);
INSERT INTO timetable (timetable_room,timetable_day,timetable_time,workout_id) VALUES('kis terem','kedd','11:00',7);
INSERT INTO timetable (timetable_room,timetable_day,timetable_time,workout_id) VALUES('nagy terem','csütörtök','15:00',11);
INSERT INTO timetable (timetable_room,timetable_day,timetable_time,workout_id) VALUES('nagy terem','csütörtök','14:30',14);
INSERT INTO timetable (timetable_room,timetable_day,timetable_time,workout_id) VALUES('udvar','szerda','16:15',7);
INSERT INTO timetable (timetable_room,timetable_day,timetable_time,workout_id) VALUES('nagy terem','kedd','12:15',6);
INSERT INTO timetable (timetable_room,timetable_day,timetable_time,workout_id) VALUES('nagy terem','hétfő','20:00',6);
INSERT INTO timetable (timetable_room,timetable_day,timetable_time,workout_id) VALUES('nagy terem','szombat','11:00',19);
INSERT INTO timetable (timetable_room,timetable_day,timetable_time,workout_id) VALUES('fitness terem','kedd','21:00',8);
INSERT INTO timetable (timetable_room,timetable_day,timetable_time,workout_id) VALUES('nagy terem','csütörtök','17:30',8);
INSERT INTO timetable (timetable_room,timetable_day,timetable_time,workout_id) VALUES('kis terem','kedd','07:00',8);
INSERT INTO timetable (timetable_room,timetable_day,timetable_time,workout_id) VALUES('kis terem','kedd','12:00',1);
INSERT INTO timetable (timetable_room,timetable_day,timetable_time,workout_id) VALUES('fitness terem','csütörtök','15:30',1);
INSERT INTO timetable (timetable_room,timetable_day,timetable_time,workout_id) VALUES('udvar','hétfő','16:00',1);
INSERT INTO timetable (timetable_room,timetable_day,timetable_time,workout_id) VALUES('udvar','hétfő','17:00',5);
INSERT INTO timetable (timetable_room,timetable_day,timetable_time,workout_id) VALUES('kis terem','szerda','12:00',5);
INSERT INTO timetable (timetable_room,timetable_day,timetable_time,workout_id) VALUES('nagy terem','kedd','11:00',12);
INSERT INTO timetable (timetable_room,timetable_day,timetable_time,workout_id) VALUES('fitness terem','péntek','08:00',9);
INSERT INTO timetable (timetable_room,timetable_day,timetable_time,workout_id) VALUES('fitness terem','szerda','11:00',9);
INSERT INTO timetable (timetable_room,timetable_day,timetable_time,workout_id) VALUES('kis terem','szombat','12:00',9);
INSERT INTO timetable (timetable_room,timetable_day,timetable_time,workout_id) VALUES('fitness terem','kedd','11:00',9);
INSERT INTO timetable (timetable_room,timetable_day,timetable_time,workout_id) VALUES('kis terem','csütörtök','14:30',4);
INSERT INTO timetable (timetable_room,timetable_day,timetable_time,workout_id) VALUES('kis terem','hétfő','12:15',4);
INSERT INTO timetable (timetable_room,timetable_day,timetable_time,workout_id) VALUES('fitness terem','péntek','18:00',4);
INSERT INTO timetable (timetable_room,timetable_day,timetable_time,workout_id) VALUES('nagy terem','kedd','19:30',4);
INSERT INTO timetable (timetable_room,timetable_day,timetable_time,workout_id) VALUES('nagy terem','csütörtök','15:30',2);
INSERT INTO timetable (timetable_room,timetable_day,timetable_time,workout_id) VALUES('udvar','csütörtök','14:15',2);
INSERT INTO timetable (timetable_room,timetable_day,timetable_time,workout_id) VALUES('udvar','szombat','15:45',2);
INSERT INTO timetable (timetable_room,timetable_day,timetable_time,workout_id) VALUES('kis terem','péntek','19:00',2);
INSERT INTO timetable (timetable_room,timetable_day,timetable_time,workout_id) VALUES('fitness terem','hétfő','20:00',2);
INSERT INTO timetable (timetable_room,timetable_day,timetable_time,workout_id) VALUES('nagy terem','hétfő','21:00',10);
INSERT INTO timetable (timetable_room,timetable_day,timetable_time,workout_id) VALUES('nagy terem','péntek','10:00',15);
INSERT INTO timetable (timetable_room,timetable_day,timetable_time,workout_id) VALUES('fitness terem','szerda','10:00',10);
INSERT INTO timetable (timetable_room,timetable_day,timetable_time,workout_id) VALUES('kis terem','péntek','07:00',10);
INSERT INTO timetable (timetable_room,timetable_day,timetable_time,workout_id) VALUES('fitness terem','kedd','08:00',7);
INSERT INTO timetable (timetable_room,timetable_day,timetable_time,workout_id) VALUES('kis terem','kedd','09:00',11);
INSERT INTO timetable (timetable_room,timetable_day,timetable_time,workout_id) VALUES('kis terem','péntek','10:00',16);
INSERT INTO timetable (timetable_room,timetable_day,timetable_time,workout_id) VALUES('nagy terem','kedd','17:00',17);
INSERT INTO timetable (timetable_room,timetable_day,timetable_time,workout_id) VALUES('nagy terem','hétfő','15:00',18);
INSERT INTO timetable (timetable_room,timetable_day,timetable_time,workout_id) VALUES('udvar','péntek','13:30',23);
INSERT INTO timetable (timetable_room,timetable_day,timetable_time,workout_id) VALUES('nagy terem','kedd','14:30',24);
INSERT INTO timetable (timetable_room,timetable_day,timetable_time,workout_id) VALUES('nagy terem','péntek','17:30',25);
INSERT INTO timetable (timetable_room,timetable_day,timetable_time,workout_id) VALUES('kis terem','szerda','14:00',25);
INSERT INTO timetable (timetable_room,timetable_day,timetable_time,workout_id) VALUES('kis terem','szerda','15:00',20);
INSERT INTO timetable (timetable_room,timetable_day,timetable_time,workout_id) VALUES('nagy terem','szerda','16:00',21);
INSERT INTO timetable (timetable_room,timetable_day,timetable_time,workout_id) VALUES('kis terem','szerda','14:30',22);
INSERT INTO timetable (timetable_room,timetable_day,timetable_time,workout_id) VALUES('kis terem','szerda','09:00',5);